-- phpMyAdmin SQL Dump
-- version 5.2.1
-- https://www.phpmyadmin.net/
--
-- Hôte : 127.0.0.1
-- Généré le : dim. 26 avr. 2026 à 22:21
-- Version du serveur : 10.4.32-MariaDB
-- Version de PHP : 8.2.12

SET SQL_MODE = "NO_AUTO_VALUE_ON_ZERO";
START TRANSACTION;
SET time_zone = "+00:00";


/*!40101 SET @OLD_CHARACTER_SET_CLIENT=@@CHARACTER_SET_CLIENT */;
/*!40101 SET @OLD_CHARACTER_SET_RESULTS=@@CHARACTER_SET_RESULTS */;
/*!40101 SET @OLD_COLLATION_CONNECTION=@@COLLATION_CONNECTION */;
/*!40101 SET NAMES utf8mb4 */;

--
-- Base de données : `P26`
--

-- --------------------------------------------------------

--
-- Structure de la table `grades`
--

CREATE TABLE `grades` (
  `id` int(11) NOT NULL,
  `student_id` int(11) NOT NULL,
  `module_id` int(11) NOT NULL,
  `grade` float NOT NULL CHECK (`grade` >= 0 and `grade` <= 20)
) ENGINE=InnoDB DEFAULT CHARSET=utf8mb4 COLLATE=utf8mb4_general_ci;

--
-- Déchargement des données de la table `grades`
--

INSERT INTO `grades` (`id`, `student_id`, `module_id`, `grade`) VALUES
(5, 14, 4, 9),
(6, 3, 8, 13),
(7, 1, 4, 14.11),
(8, 1, 5, 8.16),
(9, 1, 6, 11.03),
(10, 1, 7, 15.76),
(11, 1, 8, 17.13),
(12, 1, 9, 10.8),
(13, 1, 10, 10.22),
(14, 2, 4, 13.93),
(15, 2, 5, 14.1),
(16, 2, 6, 5.93),
(17, 2, 7, 12.97),
(18, 2, 8, 9.8),
(19, 2, 9, 16.39),
(20, 2, 10, 11.05),
(21, 3, 4, 15.78),
(22, 3, 5, 15.24),
(23, 3, 6, 6),
(24, 3, 7, 9.87),
(25, 3, 9, 9.39),
(26, 3, 10, 10.61),
(27, 4, 4, 12.29),
(28, 4, 5, 7.64),
(29, 4, 6, 12.4),
(30, 4, 7, 9.93),
(31, 4, 8, 15.01),
(32, 4, 9, 16.36),
(33, 4, 10, 10.92),
(34, 5, 4, 12.73),
(35, 5, 5, 17.25),
(36, 5, 6, 19.48),
(37, 5, 7, 10.9),
(38, 5, 8, 5.96),
(39, 5, 9, 5.76),
(40, 5, 10, 13.48),
(41, 6, 4, 14.96),
(42, 6, 5, 14.69),
(43, 6, 6, 11.38),
(44, 6, 7, 7.91),
(45, 6, 8, 12.15),
(46, 6, 9, 13.63),
(47, 6, 10, 10.74),
(48, 7, 4, 17.38),
(49, 7, 5, 10.54),
(50, 7, 6, 4.39),
(51, 7, 7, 11.05),
(52, 7, 8, 8.44),
(53, 7, 9, 9.37),
(54, 7, 10, 12.72),
(55, 8, 4, 8.6),
(56, 8, 5, 11.02),
(57, 8, 6, 4.34),
(58, 8, 7, 9.54),
(59, 8, 8, 12.58),
(60, 8, 9, 13.34),
(61, 8, 10, 11.66),
(62, 9, 4, 16.13),
(63, 9, 5, 10.44),
(64, 9, 6, 15.8),
(65, 9, 7, 12.77),
(66, 9, 8, 12.47),
(67, 9, 9, 16.8),
(68, 9, 10, 9.75),
(69, 10, 4, 13.26),
(70, 10, 5, 8.02),
(71, 10, 6, 14.67),
(72, 10, 7, 11.32),
(73, 10, 8, 7.84),
(74, 10, 9, 12.68),
(75, 10, 10, 13.36),
(76, 11, 4, 13.01),
(77, 11, 5, 9.74),
(78, 11, 6, 10.23),
(79, 11, 7, 16.93),
(80, 11, 8, 16.98),
(81, 11, 9, 11.77),
(82, 11, 10, 10.83),
(83, 12, 4, 16.44),
(84, 12, 5, 12.97),
(85, 12, 6, 13.75),
(86, 12, 7, 13.97),
(87, 12, 8, 5.54),
(88, 12, 9, 12.4),
(89, 12, 10, 5.56),
(90, 13, 4, 12.95),
(91, 13, 5, 8.23),
(92, 13, 6, 13.99),
(93, 13, 7, 11.57),
(94, 13, 8, 9.53),
(95, 13, 9, 8.8),
(96, 13, 10, 19.22),
(97, 14, 5, 7.47),
(98, 14, 6, 10.04),
(99, 14, 7, 10.88),
(100, 14, 8, 14.87),
(101, 14, 9, 13.09),
(102, 14, 10, 14.05),
(103, 15, 4, 15.15),
(104, 15, 5, 17.17),
(105, 15, 6, 11.82),
(106, 15, 7, 9.58),
(107, 15, 8, 11.01),
(108, 15, 9, 10.57),
(109, 15, 10, 15.67),
(110, 16, 4, 13.98),
(111, 16, 5, 13.96),
(112, 16, 6, 4.64),
(113, 16, 7, 6.88),
(114, 16, 8, 13.13),
(115, 16, 9, 9.47),
(116, 16, 10, 14.42),
(117, 17, 4, 14.83),
(118, 17, 5, 10.47),
(119, 17, 6, 9.22),
(120, 17, 7, 13.45),
(121, 17, 8, 12.55),
(122, 17, 9, 9.16),
(123, 17, 10, 4.94),
(124, 18, 4, 9.39),
(125, 18, 5, 11.72),
(126, 18, 6, 16.28),
(127, 18, 7, 15.57),
(128, 18, 8, 14.69),
(129, 18, 9, 11.33),
(130, 18, 10, 10.23),
(131, 19, 4, 9.35),
(132, 19, 5, 16.21),
(133, 19, 6, 9.62),
(134, 19, 7, 8.1),
(135, 19, 8, 4.68),
(136, 19, 9, 12.45),
(137, 19, 10, 16.92),
(138, 20, 4, 11.85),
(139, 20, 5, 12.6),
(140, 20, 6, 14.52),
(141, 20, 7, 9.97),
(142, 20, 8, 11.24),
(143, 20, 9, 8.87),
(144, 20, 10, 14.03),
(145, 21, 4, 10.8),
(146, 21, 5, 11.59),
(147, 21, 6, 13.93),
(148, 21, 7, 9.94),
(149, 21, 8, 15.23),
(150, 21, 9, 10.11),
(151, 21, 10, 9.05),
(152, 22, 4, 14.24),
(153, 22, 5, 11.94),
(154, 22, 6, 14.21),
(155, 22, 7, 7.42),
(156, 22, 8, 13.09),
(157, 22, 9, 13.41),
(158, 22, 10, 15.36),
(159, 23, 4, 15.84),
(160, 23, 5, 15.6),
(161, 23, 6, 13.68),
(162, 23, 7, 12.12),
(163, 23, 8, 9.31),
(164, 23, 9, 10.42),
(165, 23, 10, 11.36),
(166, 24, 4, 12.89),
(167, 24, 5, 10.13),
(168, 24, 6, 12.67),
(169, 24, 7, 6.92),
(170, 24, 8, 17.12),
(171, 24, 9, 11.58),
(172, 24, 10, 8.47),
(173, 25, 4, 7.96),
(174, 25, 5, 14.32),
(175, 25, 6, 9.13),
(176, 25, 7, 8.16),
(177, 25, 8, 9.59),
(178, 25, 9, 14.79),
(179, 25, 10, 10.71),
(180, 26, 4, 8.57),
(181, 26, 5, 7.3),
(182, 26, 6, 13.19),
(183, 26, 7, 11.51),
(184, 26, 8, 13.85),
(185, 26, 9, 15.1),
(186, 26, 10, 7.4),
(187, 27, 4, 12.27),
(188, 27, 5, 12.99),
(189, 27, 6, 14.77),
(190, 27, 7, 14.25),
(191, 27, 8, 16.52),
(192, 27, 9, 16.58),
(193, 27, 10, 7.42),
(194, 28, 4, 12.59),
(195, 28, 5, 9.49),
(196, 28, 6, 13.68),
(197, 28, 7, 9.35),
(198, 28, 8, 11.49),
(199, 28, 9, 14.23),
(200, 28, 10, 14.56),
(201, 29, 4, 14.69),
(202, 29, 5, 11.48),
(203, 29, 6, 9.03),
(204, 29, 7, 10.17),
(205, 29, 8, 6.74),
(206, 29, 9, 10.76),
(207, 29, 10, 18.72),
(208, 30, 4, 12.05),
(209, 30, 5, 12.16),
(210, 30, 6, 6.68),
(211, 30, 7, 12.69),
(212, 30, 8, 9.35),
(213, 30, 9, 16.71),
(214, 30, 10, 11.58),
(215, 31, 4, 13.51),
(216, 31, 5, 8),
(217, 31, 6, 12.77),
(218, 31, 7, 15.23),
(219, 31, 8, 13.64),
(220, 31, 9, 15.07),
(221, 31, 10, 8.83),
(222, 32, 4, 12.78),
(223, 32, 5, 10.6),
(224, 32, 6, 11.55),
(225, 32, 7, 10.67),
(226, 32, 8, 8.01),
(227, 32, 9, 10.89),
(228, 32, 10, 7.45),
(229, 33, 4, 14.54),
(230, 33, 5, 18.22),
(231, 33, 6, 9.92),
(232, 33, 7, 11.54),
(233, 33, 8, 14.71),
(234, 33, 9, 12.3),
(235, 33, 10, 16.51),
(236, 34, 4, 14.56),
(237, 34, 5, 14.15),
(238, 34, 6, 10.63),
(239, 34, 7, 14.81),
(240, 34, 8, 17.46),
(241, 34, 9, 7.98),
(242, 34, 10, 12.49),
(243, 35, 4, 8.87),
(244, 35, 5, 6.17),
(245, 35, 6, 11.08),
(246, 35, 7, 10.38),
(247, 35, 8, 12.07),
(248, 35, 9, 12.49),
(249, 35, 10, 15.94),
(250, 36, 4, 15.08),
(251, 36, 5, 13.94),
(252, 36, 6, 9.26),
(253, 36, 7, 14.59),
(254, 36, 8, 11.16),
(255, 36, 9, 17),
(256, 36, 10, 14.95),
(257, 37, 4, 11.72),
(258, 37, 5, 12.65),
(259, 37, 6, 8.89),
(260, 37, 7, 10.21),
(261, 37, 8, 5.67),
(262, 37, 9, 10.08),
(263, 37, 10, 10.63),
(264, 38, 4, 10.86),
(265, 38, 5, 10.66),
(266, 38, 6, 13.57),
(267, 38, 7, 10.88),
(268, 38, 8, 12.12),
(269, 38, 9, 13.06),
(270, 38, 10, 16.98),
(271, 39, 4, 12.24),
(272, 39, 5, 14.81),
(273, 39, 6, 13.6),
(274, 39, 7, 12.94),
(275, 39, 8, 12.25),
(276, 39, 9, 14.27),
(277, 39, 10, 10.4),
(278, 40, 4, 15.2),
(279, 40, 5, 13.77),
(280, 40, 6, 11.91),
(281, 40, 7, 10.49),
(282, 40, 8, 7.29),
(283, 40, 9, 13.73),
(284, 40, 10, 8.69),
(285, 41, 4, 11.77),
(286, 41, 5, 10.41),
(287, 41, 6, 15.86),
(288, 41, 7, 11.6),
(289, 41, 8, 11.87),
(290, 41, 9, 9.99),
(291, 41, 10, 11.55),
(292, 42, 4, 12.13),
(293, 42, 5, 13.91),
(294, 42, 6, 10.09),
(295, 42, 7, 11.41),
(296, 42, 8, 14.64),
(297, 42, 9, 14.13),
(298, 42, 10, 9.94),
(299, 43, 4, 15.88),
(300, 43, 5, 12.61),
(301, 43, 6, 10.91),
(302, 43, 7, 12.65),
(303, 43, 8, 14.57),
(304, 43, 9, 10.18),
(305, 43, 10, 18.23),
(306, 44, 4, 10.62),
(307, 44, 5, 16.35),
(308, 44, 6, 12.64),
(309, 44, 7, 12.65),
(310, 44, 8, 6.39),
(311, 44, 9, 10.13),
(312, 44, 10, 8.6),
(313, 45, 4, 11.61),
(314, 45, 5, 12.69),
(315, 45, 6, 17.3),
(316, 45, 7, 11.86),
(317, 45, 8, 11.74),
(318, 45, 9, 13.5),
(319, 45, 10, 7.89),
(320, 46, 4, 14.23),
(321, 46, 5, 15.93),
(322, 46, 6, 10.37),
(323, 46, 7, 16.97),
(324, 46, 8, 11.65),
(325, 46, 9, 11.74),
(326, 46, 10, 9.21),
(327, 47, 4, 9.14),
(328, 47, 5, 17.74),
(329, 47, 6, 17.27),
(330, 47, 7, 10.54),
(331, 47, 8, 14.09),
(332, 47, 9, 9.46),
(333, 47, 10, 7.23),
(334, 48, 4, 13.46),
(335, 48, 5, 8.89),
(336, 48, 6, 15.65),
(337, 48, 7, 16),
(338, 48, 8, 12.46),
(339, 48, 9, 12.45),
(340, 48, 10, 10.59),
(341, 49, 4, 16.24),
(342, 49, 5, 7.64),
(343, 49, 6, 12.6),
(344, 49, 7, 15.68),
(345, 49, 8, 8.74),
(346, 49, 9, 9.21),
(347, 49, 10, 13.34),
(348, 50, 4, 8.27),
(349, 50, 5, 9.79),
(350, 50, 6, 5.01),
(351, 50, 7, 10.75),
(352, 50, 8, 7.88),
(353, 50, 9, 12.51),
(354, 50, 10, 6.75),
(355, 51, 4, 9.05),
(356, 51, 5, 18.7),
(357, 51, 6, 14.64),
(358, 51, 7, 7.31),
(359, 51, 8, 7.79),
(360, 51, 9, 10.13),
(361, 51, 10, 12.46),
(362, 52, 4, 14.37),
(363, 52, 5, 18.05),
(364, 52, 6, 10.86),
(365, 52, 7, 11.58),
(366, 52, 8, 7.83),
(367, 52, 9, 15.28),
(368, 52, 10, 12.09),
(369, 53, 4, 18.54),
(370, 53, 5, 17.47),
(371, 53, 6, 7.82),
(372, 53, 7, 12.59),
(373, 53, 8, 9.27),
(374, 53, 9, 13.17),
(375, 53, 10, 10.17),
(376, 54, 4, 16.2),
(377, 54, 5, 10.76),
(378, 54, 6, 9.71),
(379, 54, 7, 12.7),
(380, 54, 8, 11.81),
(381, 54, 9, 17.53),
(382, 54, 10, 9.52),
(383, 55, 4, 17.24),
(384, 55, 5, 15.17),
(385, 55, 6, 16.25),
(386, 55, 7, 11.03),
(387, 55, 8, 12.27),
(388, 55, 9, 9.85),
(389, 55, 10, 11.97),
(390, 56, 4, 17.07),
(391, 56, 5, 9.4),
(392, 56, 6, 7.48),
(393, 56, 7, 15.36),
(394, 56, 8, 13.3),
(395, 56, 9, 5.62),
(396, 56, 10, 10.31),
(397, 57, 4, 13.81),
(398, 57, 5, 9.59),
(399, 57, 6, 14.99),
(400, 57, 7, 13.67),
(401, 57, 8, 14.61),
(402, 57, 9, 16.01),
(403, 57, 10, 9.51),
(404, 58, 4, 13.58),
(405, 58, 5, 14.03),
(406, 58, 6, 10.08),
(407, 58, 7, 10.12),
(408, 58, 8, 15.25),
(409, 58, 9, 13.72),
(410, 58, 10, 8.39),
(411, 59, 4, 18.41),
(412, 59, 5, 7.81),
(413, 59, 6, 7.54),
(414, 59, 7, 18.31),
(415, 59, 8, 11.35),
(416, 59, 9, 10.61),
(417, 59, 10, 6.78),
(418, 60, 4, 8.48),
(419, 60, 5, 9.53),
(420, 60, 6, 14.45),
(421, 60, 7, 7.94),
(422, 60, 8, 11.89),
(423, 60, 9, 8.63),
(424, 60, 10, 8),
(425, 61, 4, 7.02),
(426, 61, 5, 13.18),
(427, 61, 6, 16.14),
(428, 61, 7, 5.62),
(429, 61, 8, 14.95),
(430, 61, 9, 16.08),
(431, 61, 10, 15.88),
(432, 62, 4, 8.65),
(433, 62, 5, 13.38),
(434, 62, 6, 16.01),
(435, 62, 7, 12.82),
(436, 62, 8, 10.95),
(437, 62, 9, 8.68),
(438, 62, 10, 14.8),
(439, 63, 4, 15.29),
(440, 63, 5, 7.54),
(441, 63, 6, 11.9),
(442, 63, 7, 9.8),
(443, 63, 8, 10.89),
(444, 63, 9, 9.44),
(445, 63, 10, 6.26),
(446, 64, 4, 12.34),
(447, 64, 5, 7.93),
(448, 64, 6, 10.72),
(449, 64, 7, 10.65),
(450, 64, 8, 14.62),
(451, 64, 9, 11.2),
(452, 64, 10, 16.45),
(453, 65, 4, 12.2),
(454, 65, 5, 9.97),
(455, 65, 6, 13.34),
(456, 65, 7, 16.41),
(457, 65, 8, 8.8),
(458, 65, 9, 15.94),
(459, 65, 10, 9.5),
(460, 66, 4, 8.39),
(461, 66, 5, 11.16),
(462, 66, 6, 12.27),
(463, 66, 7, 11.15),
(464, 66, 8, 12.33),
(465, 66, 9, 18.57),
(466, 66, 10, 9.45),
(467, 67, 4, 12.62),
(468, 67, 5, 9.62),
(469, 67, 6, 11.37),
(470, 67, 7, 7.33),
(471, 67, 8, 6.82),
(472, 67, 9, 6.94),
(473, 67, 10, 6.51),
(474, 68, 4, 9.45),
(475, 68, 5, 17.67),
(476, 68, 6, 14.17),
(477, 68, 7, 8.72),
(478, 68, 8, 10.1),
(479, 68, 9, 9.21),
(480, 68, 10, 11.27),
(481, 69, 4, 16.1),
(482, 69, 5, 12.66),
(483, 69, 6, 13.02),
(484, 69, 7, 12.03),
(485, 69, 8, 7.07),
(486, 69, 9, 14.01),
(487, 69, 10, 14.49),
(488, 70, 4, 16.53),
(489, 70, 5, 11.41),
(490, 70, 6, 14.97),
(491, 70, 7, 12.11),
(492, 70, 8, 15.55),
(493, 70, 9, 15.83),
(494, 70, 10, 15.71),
(495, 71, 4, 9.59),
(496, 71, 5, 13.92),
(497, 71, 6, 7.23),
(498, 71, 7, 16.11),
(499, 71, 8, 10.73),
(500, 71, 9, 16.67),
(501, 71, 10, 15.1),
(502, 72, 4, 8.89),
(503, 72, 5, 10.27),
(504, 72, 6, 11.18),
(505, 72, 7, 13.58),
(506, 72, 8, 17.82),
(507, 72, 9, 14.15),
(508, 72, 10, 14.21),
(509, 73, 4, 17.4),
(510, 73, 5, 15.43),
(511, 73, 6, 9.02),
(512, 73, 7, 14.86),
(513, 73, 8, 12.04),
(514, 73, 9, 12.76),
(515, 73, 10, 9.91),
(516, 74, 4, 12.97),
(517, 74, 5, 12.4),
(518, 74, 6, 17.13),
(519, 74, 7, 7.76),
(520, 74, 8, 16.57),
(521, 74, 9, 12.04),
(522, 74, 10, 10.88),
(523, 75, 4, 8.88),
(524, 75, 5, 7.67),
(525, 75, 6, 16.53),
(526, 75, 7, 12.75),
(527, 75, 8, 14.17),
(528, 75, 9, 13.07),
(529, 75, 10, 16.47),
(530, 76, 4, 13.38),
(531, 76, 5, 11.04),
(532, 76, 6, 13.17),
(533, 76, 7, 13.13),
(534, 76, 8, 12.77),
(535, 76, 9, 4.66),
(536, 76, 10, 11.36),
(537, 77, 4, 11.8),
(538, 77, 5, 9.19),
(539, 77, 6, 15.22),
(540, 77, 7, 10.29),
(541, 77, 8, 14.96),
(542, 77, 9, 10.04),
(543, 77, 10, 8.16),
(544, 78, 4, 14.75),
(545, 78, 5, 14.26),
(546, 78, 6, 13.08),
(547, 78, 7, 15.48),
(548, 78, 8, 8.64),
(549, 78, 9, 8.48),
(550, 78, 10, 12.47),
(551, 79, 4, 10.61),
(552, 79, 5, 10.15),
(553, 79, 6, 14.07),
(554, 79, 7, 11.74),
(555, 79, 8, 13.26),
(556, 79, 9, 11.17),
(557, 79, 10, 10.7),
(558, 80, 4, 8.26),
(559, 80, 5, 9.56),
(560, 80, 6, 12.93),
(561, 80, 7, 10.42),
(562, 80, 8, 12.29),
(563, 80, 9, 13.58),
(564, 80, 10, 17.25),
(565, 81, 4, 12.26),
(566, 81, 5, 15.85),
(567, 81, 6, 9.75),
(568, 81, 7, 17.39),
(569, 81, 8, 16.54),
(570, 81, 9, 14),
(571, 81, 10, 6.76),
(572, 82, 4, 10.52),
(573, 82, 5, 10.6),
(574, 82, 6, 13.7),
(575, 82, 7, 9.87),
(576, 82, 8, 6.43),
(577, 82, 9, 10.51),
(578, 82, 10, 15.69),
(579, 83, 4, 16.57),
(580, 83, 5, 10.66),
(581, 83, 6, 9.81),
(582, 83, 7, 11.25),
(583, 83, 8, 16.13),
(584, 83, 9, 11.5),
(585, 83, 10, 11.83),
(586, 84, 4, 10.21),
(587, 84, 5, 13.82),
(588, 84, 6, 11.12),
(589, 84, 7, 13.29),
(590, 84, 8, 11.31),
(591, 84, 9, 11.78),
(592, 84, 10, 9.43),
(593, 85, 4, 13.61),
(594, 85, 5, 14.75),
(595, 85, 6, 14.32),
(596, 85, 7, 13.17),
(597, 85, 8, 11.64),
(598, 85, 9, 13.68),
(599, 85, 10, 14.09),
(600, 86, 4, 14.52),
(601, 86, 5, 13.83),
(602, 86, 6, 18.16),
(603, 86, 7, 10.21),
(604, 86, 8, 17.84),
(605, 86, 9, 13.85),
(606, 86, 10, 16.12),
(607, 87, 4, 15.2),
(608, 87, 5, 12.11),
(609, 87, 6, 11.94),
(610, 87, 7, 14.15),
(611, 87, 8, 9.64),
(612, 87, 9, 11.75),
(613, 87, 10, 14.7),
(614, 88, 4, 10.31),
(615, 88, 5, 8.05),
(616, 88, 6, 12.93),
(617, 88, 7, 13.71),
(618, 88, 8, 11.65),
(619, 88, 9, 10.63),
(620, 88, 10, 10.4),
(621, 89, 4, 12.09),
(622, 89, 5, 11.16),
(623, 89, 6, 15.48),
(624, 89, 7, 15.78),
(625, 89, 8, 6.02),
(626, 89, 9, 4.86),
(627, 89, 10, 11.29),
(628, 90, 4, 11.02),
(629, 90, 5, 11.03),
(630, 90, 6, 8.34),
(631, 90, 7, 11.98),
(632, 90, 8, 11.16),
(633, 90, 9, 10.23),
(634, 90, 10, 10.94),
(635, 91, 4, 9.25),
(636, 91, 5, 14.25),
(637, 91, 6, 9.23),
(638, 91, 7, 15.21),
(639, 91, 8, 11.81),
(640, 91, 9, 11.76),
(641, 91, 10, 10.09),
(642, 92, 4, 7.98),
(643, 92, 5, 14),
(644, 92, 6, 11.67),
(645, 92, 7, 12.23),
(646, 92, 8, 7.96),
(647, 92, 9, 17.07),
(648, 92, 10, 12.37),
(649, 93, 4, 17.38),
(650, 93, 5, 13.26),
(651, 93, 6, 14.49),
(652, 93, 7, 9.61),
(653, 93, 8, 8.85),
(654, 93, 9, 13.49),
(655, 93, 10, 13.01),
(656, 94, 4, 15.92),
(657, 94, 5, 18.34),
(658, 94, 6, 11.76),
(659, 94, 7, 9.63),
(660, 94, 8, 9.04),
(661, 94, 9, 7.31),
(662, 94, 10, 14.13),
(663, 95, 4, 14.74),
(664, 95, 5, 11.78),
(665, 95, 6, 11.84),
(666, 95, 7, 14.48),
(667, 95, 8, 10.9),
(668, 95, 9, 8.54),
(669, 95, 10, 13.04),
(670, 96, 4, 16.04),
(671, 96, 5, 15.04),
(672, 96, 6, 17.44),
(673, 96, 7, 10.59),
(674, 96, 8, 6.65),
(675, 96, 9, 10.78),
(676, 96, 10, 18.32),
(677, 97, 4, 10.07),
(678, 97, 5, 14.23),
(679, 97, 6, 11.62),
(680, 97, 7, 9.88),
(681, 97, 8, 8.26),
(682, 97, 9, 9.84),
(683, 97, 10, 8.36),
(684, 98, 4, 13.11),
(685, 98, 5, 16.3),
(686, 98, 6, 13.69),
(687, 98, 7, 12.99),
(688, 98, 8, 13.82),
(689, 98, 9, 17.25),
(690, 98, 10, 13.31),
(691, 99, 4, 16.7),
(692, 99, 5, 12.43),
(693, 99, 6, 12.61),
(694, 99, 7, 8.74),
(695, 99, 8, 11.9),
(696, 99, 9, 15.1),
(697, 99, 10, 17.03),
(698, 100, 4, 11.71),
(699, 100, 5, 8.98),
(700, 100, 6, 13.9),
(701, 100, 7, 10.37),
(702, 100, 8, 16.28),
(703, 100, 9, 11.29),
(704, 100, 10, 12.29),
(705, 101, 4, 6.63),
(706, 101, 5, 17.74),
(707, 101, 6, 16.07),
(708, 101, 7, 7),
(709, 101, 8, 10.82),
(710, 101, 9, 11.52),
(711, 101, 10, 15.11),
(712, 102, 4, 7.59),
(713, 102, 5, 17.44),
(714, 102, 6, 16.84),
(715, 102, 7, 10.9),
(716, 102, 8, 11.11),
(717, 102, 9, 9.69),
(718, 102, 10, 14.24),
(719, 103, 4, 12.18),
(720, 103, 5, 9.42),
(721, 103, 6, 7.62),
(722, 103, 7, 12.04),
(723, 103, 8, 9.97),
(724, 103, 9, 6.54),
(725, 103, 10, 15.74),
(726, 104, 4, 10.49),
(727, 104, 5, 11.26),
(728, 104, 6, 14.79),
(729, 104, 7, 11.97),
(730, 104, 8, 9.88),
(731, 104, 9, 15.7),
(732, 104, 10, 9.44);

-- --------------------------------------------------------

--
-- Structure de la table `modules`
--

CREATE TABLE `modules` (
  `id` int(11) NOT NULL,
  `code` varchar(255) NOT NULL,
  `name` varchar(255) NOT NULL,
  `coefficient` int(11) NOT NULL DEFAULT 1,
  `teacher_id` int(11) DEFAULT NULL,
  `lvl` int(11) NOT NULL DEFAULT 1
) ENGINE=InnoDB DEFAULT CHARSET=utf8mb4 COLLATE=utf8mb4_general_ci;

--
-- Déchargement des données de la table `modules`
--

INSERT INTO `modules` (`id`, `code`, `name`, `coefficient`, `teacher_id`, `lvl`) VALUES
(4, 'pweb', 'programmation web', 3, 2, 2),
(5, 'BD', 'Base de données', 3, 3, 2),
(6, 'THG', 'Théorie des graphes', 2, 4, 2),
(7, 'GL', 'Génie logiciel', 3, 5, 2),
(8, 'ARCHI', 'Architecture des ordinateurs', 3, 6, 2),
(9, 'ANG', 'Anglais', 1, 7, 2),
(10, 'SE', 'Système d\'exploitation', 3, 8, 2),
(11, 'ALGO', 'Algorithmique', 3, 9, 1),
(12, 'RES', 'Réseaux', 3, 10, 4),
(13, 'ANA', 'Analyse numérique', 3, 11, 5),
(14, 'LOG', 'Logique', 2, 12, 3);

-- --------------------------------------------------------

--
-- Structure de la table `students`
--

CREATE TABLE `students` (
  `id` int(11) NOT NULL,
  `matricule` int(11) DEFAULT NULL,
  `surname` varchar(255) NOT NULL,
  `family_name` varchar(255) NOT NULL,
  `email` varchar(255) NOT NULL,
  `lvl` int(11) DEFAULT NULL,
  `birth_date` date DEFAULT NULL,
  `user_id` int(11) DEFAULT NULL
) ENGINE=InnoDB DEFAULT CHARSET=utf8mb4 COLLATE=utf8mb4_general_ci;

--
-- Déchargement des données de la table `students`
--

INSERT INTO `students` (`id`, `matricule`, `surname`, `family_name`, `email`, `lvl`, `birth_date`, `user_id`) VALUES
(1, 31581410, 'Ouail', 'Akouiradjemou', 'wailw5380@gmail.com', 2, '2006-04-09', 3),
(2, 31581409, 'moh', 'mohamed', 'moh@gmail.com', 2, '2006-04-04', 5),
(3, 47483647, 'LYNA-MELISSA', 'ABAOUI', 'lynamelissa.abaoui@usthb.dz', 2, '2003-03-04', 6),
(4, 31546203, 'MAYA MYRIAM', 'ABBAS', 'maya.abbas@usthb.dz', 2, '2003-12-05', 7),
(5, 31599204, 'AKRAM', 'ABDELHAMID', 'akram.abdelhamid@usthb.dz', 2, '2007-02-15', 8),
(6, 31609707, 'YOUCEF', 'ABDELLAOUI', 'youcef.abdellaoui@usthb.dz', 2, '2005-11-02', 9),
(7, 31676416, 'SARA', 'ABDELLATIF', 'sara.abdellatif@usthb.dz', 2, '2004-10-25', 10),
(8, 31500107, 'NIHAD', 'AISSA', 'nihad.aissa@usthb.dz', 2, '2003-07-28', 11),
(9, 31370909, 'IMAD EDDINE', 'AISSAOUI', 'imad.aissaoui@usthb.dz', 2, '2005-05-28', 12),
(10, 31413601, 'YOUSRA', 'AISSAOUI', 'yousra.aissaoui@usthb.dz', 2, '2003-04-25', 13),
(11, 31368913, 'ABDELMALEK', 'AIT KACI', 'abdelmalek.ait@usthb.dz', 2, '2007-05-08', 14),
(12, 31413217, 'FAROUK IMED', 'AIT MEHDI', 'farouk.ait@usthb.dz', 2, '2003-10-24', 15),
(13, 31438719, 'AYA', 'AIT OUAMAR', 'aya.ait@usthb.dz', 2, '2004-01-05', 16),
(14, 31577510, 'ABDENOUR', 'AKACEM', 'abdenour.akacem@usthb.dz', 2, '2005-08-16', 17),
(15, 31461716, 'IKRAM', 'AKTOUF', 'ikram.aktouf@usthb.dz', 2, '2003-02-02', 18),
(16, 33374911, 'ABDERRAOUF AMINE', 'ALI MOHAMMED', 'abderraouf.ali@usthb.dz', 2, '2005-07-25', 19),
(17, 31453208, 'KAMEL', 'ALIM', 'kamel.alim@usthb.dz', 2, '2005-07-22', 20),
(18, 31438707, 'ASMAA', 'AMDIDOUCHE', 'asmaa.amdidouche@usthb.dz', 2, '2003-02-04', 21),
(19, 32170007, 'NOUR ELHOUDA', 'AMMICHE', 'nour.ammiche@usthb.dz', 2, '2005-10-18', 22),
(20, 31519001, 'YOUNES', 'AMOR', 'younes.amor@usthb.dz', 2, '2006-09-14', 23),
(21, 31499219, 'ABDELMALEK', 'ASSABAT', 'abdelmalek.assabat@usthb.dz', 2, '2003-02-16', 24),
(22, 33087110, 'MELISSA', 'AZZOUG', 'melissa.azzoug@usthb.dz', 2, '2007-07-10', 25),
(23, 31738702, 'ABDENNOUR', 'AZZOUZ', 'abdennour.azzouz@usthb.dz', 2, '2005-03-27', 26),
(24, 31730502, 'MEHDI', 'AZZOUZI', 'mehdi.azzouzi@usthb.dz', 2, '2005-08-12', 27),
(25, 33370909, 'NESRINE', 'BAHA', 'nesrine.baha@usthb.dz', 2, '2004-05-09', 28),
(26, 31620609, 'DOUAA', 'BAOUZ', 'douaa.baouz@usthb.dz', 2, '2006-12-04', 29),
(27, 31388007, 'IMADEDDINE', 'BARA', 'imadeddine.bara@usthb.dz', 2, '2003-07-29', 30),
(28, 31412506, 'ISSAM EDDINE', 'BEARCIA', 'issam.bearcia@usthb.dz', 2, '2004-02-03', 31),
(29, 31740006, 'YAKOUB MOUSSA', 'BEDDIAF', 'yakoub.beddiaf@usthb.dz', 2, '2006-09-26', 32),
(30, 31597817, 'IMENE ZOHRA', 'BELABED', 'imene.belabed@usthb.dz', 2, '2003-05-28', 33),
(31, 31667419, 'YASMINE FATMA ZOHRA', 'BELABRIK', 'yasmine.belabrik@usthb.dz', 2, '2003-10-25', 34),
(32, 31441703, 'ABDELKARIM REDA', 'BELARBI', 'abdelkarim.belarbi@usthb.dz', 2, '2005-11-08', 35),
(33, 31715109, 'ABDELHAKIM', 'BELHADJ', 'abdelhakim.belhadj@usthb.dz', 2, '2004-11-02', 36),
(34, 31715620, 'MOHAMED', 'BELKHIR', 'mohamed.belkhir@usthb.dz', 2, '2003-08-16', 37),
(35, 31461920, 'OMAR', 'BENABDELLATIF', 'omar.benabdellatif@usthb.dz', 2, '2005-08-06', 38),
(36, 31786010, 'BOUCHRA', 'BENAISSA', 'bouchra.benaissa@usthb.dz', 2, '2004-02-13', 39),
(37, 31345706, 'AYA', 'BEN AISSA CHRIF', 'aya.ben@usthb.dz', 2, '2005-10-19', 40),
(38, 31692611, 'RANIA', 'BENAMARA', 'rania.benamara@usthb.dz', 2, '2003-08-22', 41),
(39, 31460816, 'MOHAMED LOKMAN', 'BEN BACHIR', 'mohamed.ben@usthb.dz', 2, '2007-10-21', 42),
(40, 31596411, 'NADA', 'BENCHEIKH', 'nada.bencheikh@usthb.dz', 2, '2005-02-07', 43),
(41, 31656304, 'FARIDA FARAH', 'BENGUESMIA', 'farida.benguesmia@usthb.dz', 2, '2004-02-10', 44),
(42, 31680418, 'YASSER', 'BENMOKHTAR', 'yasser.benmokhtar@usthb.dz', 2, '2007-03-26', 45),
(43, 31675005, 'ISSAM WALID EL', 'BENYAHIA', 'issam.benyahia@usthb.dz', 2, '2005-10-30', 46),
(44, 31652101, 'MOHAMED AMINE', 'BESSAA', 'mohamed.bessaa@usthb.dz', 2, '2004-06-15', 47),
(45, 31622804, 'SID ALI', 'BETTAYEB', 'sid.bettayeb@usthb.dz', 2, '2006-10-14', 48),
(46, 31424405, 'ZINEB AZHAR', 'BOUALI', 'zineb.bouali@usthb.dz', 2, '2007-07-27', 49),
(47, 31440109, 'FATMA ZOHRA', 'BOUDANI', 'fatma.boudani@usthb.dz', 2, '2004-06-23', 50),
(48, 31499415, 'FAIROUZ', 'BOUDAOUD', 'fairouz.boudaoud@usthb.dz', 2, '2006-09-07', 51),
(49, 35477206, 'MAROUA', 'BOUDERRAZ', 'maroua.bouderraz@usthb.dz', 2, '2006-12-27', 52),
(50, 31546202, 'MALIK', 'BOUDINE', 'malik.boudine@usthb.dz', 2, '2006-11-20', 53),
(51, 31843605, 'RADJAA', 'BOUDJANA', 'radjaa.boudjana@usthb.dz', 2, '2005-06-23', 54),
(52, 31698617, 'IBRAHIM MOUHYEDDINE', 'BOUDRAF', 'ibrahim.boudraf@usthb.dz', 2, '2003-09-20', 55),
(53, 31740411, 'HAOUA', 'BOUHADDA', 'haoua.bouhadda@usthb.dz', 2, '2004-03-02', 56),
(54, 31424613, 'NOURELHOUDA', 'BOUHADJA', 'nourelhouda.bouhadja@usthb.dz', 2, '2006-01-06', 57),
(55, 31900101, 'AHMED', 'BENALI', 'ahmed.benali2@usthb.dz', 2, '2005-03-12', 77),
(56, 31900102, 'SARAH', 'BOUZID', 'sarah.bouzid@usthb.dz', 2, '2004-08-21', 78),
(57, 31900103, 'YACINE', 'HAMDI', 'yacine.hamdi@usthb.dz', 2, '2006-01-15', 79),
(58, 31900104, 'NADIA', 'CHERIF', 'nadia.cherif@usthb.dz', 2, '2003-06-07', 80),
(59, 31900105, 'KARIM', 'BELKACEM', 'karim.belkacem@usthb.dz', 2, '2005-09-29', 81),
(60, 31900106, 'AMIRA', 'DJOUDI', 'amira.djoudi@usthb.dz', 2, '2004-03-18', 82),
(61, 31900107, 'SOFIANE', 'MEDDAH', 'sofiane.meddah@usthb.dz', 2, '2006-07-24', 83),
(62, 31900108, 'LINA', 'BOUKHELIFA', 'lina.boukhelifa@usthb.dz', 2, '2003-02-09', 84),
(63, 31900109, 'RIAD', 'SAIDANI', 'riad.saidani@usthb.dz', 2, '2005-11-03', 85),
(64, 31900110, 'YASMINE', 'HADJADJ', 'yasmine.hadjadj@usthb.dz', 2, '2004-04-17', 86),
(65, 31900111, 'BILAL', 'RAHMANI', 'bilal.rahmani@usthb.dz', 2, '2006-08-30', 87),
(66, 31900112, 'MERIEM', 'BENSEGHIR', 'meriem.benseghir@usthb.dz', 2, '2003-05-12', 88),
(67, 31900113, 'OMAR', 'TLEMCANI', 'omar.tlemcani@usthb.dz', 2, '2005-02-25', 89),
(68, 31900114, 'DALILA', 'MESSAOUDI', 'dalila.messaoudi@usthb.dz', 2, '2004-09-16', 90),
(69, 31900115, 'NASSIM', 'BOUDIAF', 'nassim.boudiaf@usthb.dz', 2, '2006-04-08', 91),
(70, 31900116, 'RANIA', 'KHELIL', 'rania.khelil@usthb.dz', 2, '2003-11-27', 92),
(71, 31900117, 'WALID', 'FERHAT', 'walid.ferhat@usthb.dz', 2, '2005-06-14', 93),
(72, 31900118, 'SABRINA', 'MEBARKI', 'sabrina.mebarki@usthb.dz', 2, '2004-01-03', 94),
(73, 31900119, 'HICHEM', 'LAIB', 'hichem.laib@usthb.dz', 2, '2006-09-19', 95),
(74, 31900120, 'FAIZA', 'TOUATI', 'faiza.touati@usthb.dz', 2, '2003-07-24', 96),
(75, 31900121, 'ANIS', 'ZIANI', 'anis.ziani@usthb.dz', 2, '2005-04-11', 97),
(76, 31900122, 'HADJER', 'BELOUIZDAD', 'hadjer.belouizdad@usthb.dz', 2, '2004-08-22', 98),
(77, 31900123, 'TAREK', 'GHOMARI', 'tarek.ghomari@usthb.dz', 2, '2006-02-17', 99),
(78, 31900124, 'SORAYA', 'KACI', 'soraya.kaci@usthb.dz', 2, '2003-10-05', 100),
(79, 31900125, 'MEHDI', 'BOUDISSA', 'mehdi.boudissa@usthb.dz', 2, '2005-07-28', 101),
(80, 31900126, 'NOUR', 'AMRANI', 'nour.amrani@usthb.dz', 2, '2004-03-16', 102),
(81, 31900127, 'ILYES', 'BENAMARA', 'ilyes.benamara2@usthb.dz', 2, '2006-12-11', 103),
(82, 31900128, 'LYDIA', 'HAMITOUCHE', 'lydia.hamitouche@usthb.dz', 2, '2003-04-29', 104),
(83, 31900129, 'ZAKARIA', 'BENLARIA', 'zakaria.benlaria@usthb.dz', 2, '2005-09-03', 105),
(84, 31900130, 'ASMA', 'FERGANI', 'asma.fergani@usthb.dz', 2, '2004-06-18', 106),
(85, 31900131, 'RYAD', 'BOUKERMA', 'ryad.boukerma@usthb.dz', 2, '2006-01-24', 107),
(86, 31900132, 'ZINEB', 'ACHOUR', 'zineb.achour@usthb.dz', 2, '2003-12-16', 108),
(87, 31900133, 'MOURAD', 'BENAISSA', 'mourad.benaissa2@usthb.dz', 2, '2005-05-07', 109),
(88, 31900134, 'HAFSA', 'BOUCHERIT', 'hafsa.boucherit@usthb.dz', 2, '2004-09-13', 110),
(89, 31900135, 'ABDELHAK', 'GRIOU', 'abdelhak.griou@usthb.dz', 2, '2006-03-26', 111),
(90, 31900136, 'LOUBNA', 'DERBAL', 'loubna.derbal@usthb.dz', 2, '2003-08-11', 112),
(91, 31900137, 'SAMIR', 'KHALDI', 'samir.khaldi@usthb.dz', 2, '2005-02-02', 113),
(92, 31900138, 'IKRAM', 'BENDJAMA', 'ikram.bendjama@usthb.dz', 2, '2004-10-19', 114),
(93, 31900139, 'YOUSSEF', 'BRAHIM', 'youssef.brahim@usthb.dz', 2, '2006-07-15', 115),
(94, 31900140, 'MARWA', 'DJEBBAR', 'marwa.djebbar@usthb.dz', 2, '2003-03-24', 116),
(95, 31900141, 'ADEL', 'BOUAFIA', 'adel.bouafia@usthb.dz', 2, '2005-08-16', 117),
(96, 31900142, 'HOUDA', 'KHELIFA', 'houda.khelifa@usthb.dz', 2, '2004-02-07', 118),
(97, 31900143, 'AMINE', 'TERKI', 'amine.terki@usthb.dz', 2, '2006-11-22', 119),
(98, 31900144, 'SANA', 'BOUDERBALA', 'sana.bouderbala@usthb.dz', 2, '2003-06-15', 120),
(99, 31900145, 'FARES', 'HAMOUDI', 'fares.hamoudi@usthb.dz', 2, '2005-04-28', 121),
(100, 31900146, 'NADIA', 'ZERMANE', 'nadia.zermane@usthb.dz', 2, '2004-09-09', 122),
(101, 31900147, 'LOTFI', 'BEKHOUCHE', 'lotfi.bekhouche@usthb.dz', 2, '2006-02-13', 123),
(102, 31900148, 'MAYA', 'LAHLOU', 'maya.lahlou@usthb.dz', 2, '2003-11-28', 124),
(103, 31900149, 'REDA', 'BENSALEM', 'reda.bensalem@usthb.dz', 2, '2005-06-21', 125),
(104, 31900150, 'CHAIMA', 'MOUSSAOUI', 'chaima.moussaoui@usthb.dz', 2, '2004-04-14', 126),
(105, 52000001, 'Soulaf', 'Messaili', 'messaili.soulaf@usthb.dz', 1, '2005-06-12', 142),
(106, 52000002, 'Melyssa', 'Doulache', 'doulache.melyssa@usthb.dz', 1, '2005-03-24', 143),
(107, 52000003, 'Imene', 'Khelil', 'khelil.imene@usthb.dz', 1, '2005-09-17', 144),
(108, 52000004, 'Farida', 'Baba', 'baba.farida@usthb.dz', 3, '2003-07-20', 145),
(109, 52000005, 'Mohammed', 'Khelil', 'khelil.mohammed@usthb.dz', 3, '2003-04-15', 146),
(110, 52000006, 'Yasmine', 'Ould', 'yasmine.ould@usthb.dz', 3, '2003-09-05', 147),
(111, 52000007, 'Bilal', 'Saadi', 'saadi.bilal2@usthb.dz', 4, '2001-12-05', 148),
(112, 52000008, 'Meriem', 'Boudra', 'boudra.meriem2@usthb.dz', 4, '2001-11-18', 149),
(113, 52000009, 'Houssem', 'Dali', 'dali.houssem@usthb.dz', 4, '2001-07-30', 150),
(114, 52000010, 'Lina', 'Berkani', 'lina.berkani@usthb.dz', 5, '2000-06-14', 151),
(115, 52000011, 'Omar', 'Bensaid', 'omar.bensaid@usthb.dz', 5, '2000-02-28', 152),
(116, 52000012, 'Zineb', 'Ould', 'zineb.ould@usthb.dz', 5, '2000-11-20', 153);

-- --------------------------------------------------------

--
-- Structure de la table `teachers`
--

CREATE TABLE `teachers` (
  `id` int(11) NOT NULL,
  `first_name` varchar(255) NOT NULL,
  `last_name` varchar(255) NOT NULL,
  `email` varchar(255) DEFAULT NULL,
  `user_id` int(11) DEFAULT NULL
) ENGINE=InnoDB DEFAULT CHARSET=utf8mb4 COLLATE=utf8mb4_general_ci;

--
-- Déchargement des données de la table `teachers`
--

INSERT INTO `teachers` (`id`, `first_name`, `last_name`, `email`, `user_id`) VALUES
(2, 'Mohamed', 'Laachemi', 'laachemi@gmail.com', 75),
(3, 'Ahmed', 'Benali', 'ahmed.benali@usthb.dz', 69),
(4, 'Fatima', 'Cherif', 'fatima.cherif@usthb.dz', 70),
(5, 'Karim', 'Mansouri', 'karim.mansouri@usthb.dz', 71),
(6, 'Sara', 'Boudali', 'sara.boudali@usthb.dz', 72),
(7, 'Youcef', 'Hamdi', 'youcef.hamdi@usthb.dz', 73),
(8, 'Nadia', 'Aouadi', 'nadia.aouadi@usthb.dz', 74),
(9, 'Khalid', 'Amari', 'algo.teacher@usthb.dz', 154),
(10, 'Sofiane', 'Bellal', 'reseau.teacher@usthb.dz', 155),
(11, 'Meriem', 'Hadj', 'analyse.teacher@usthb.dz', 156),
(12, 'Tarek', 'Slimani', 'logique.teacher@usthb.dz', 157);

-- --------------------------------------------------------

--
-- Structure de la table `users`
--

CREATE TABLE `users` (
  `id` int(11) NOT NULL,
  `email` varchar(255) NOT NULL,
  `pass_word` varchar(255) NOT NULL,
  `role` enum('admin','teacher','student') DEFAULT NULL
) ENGINE=InnoDB DEFAULT CHARSET=utf8mb4 COLLATE=utf8mb4_general_ci;

--
-- Déchargement des données de la table `users`
--

INSERT INTO `users` (`id`, `email`, `pass_word`, `role`) VALUES
(0, 'admin@example.com', 'adminmdp', 'admin'),
(3, 'Ouail.Akouiradjemou@usthb.dz', '20060409', 'student'),
(5, 'moh.mohamed@usthb.dz', '20060404', 'student'),
(6, 'lynamelissa.abaoui@usthb.dz', '20030304', 'student'),
(7, 'maya.abbas@usthb.dz', '20031205', 'student'),
(8, 'akram.abdelhamid@usthb.dz', '20070215', 'student'),
(9, 'youcef.abdellaoui@usthb.dz', '20051102', 'student'),
(10, 'sara.abdellatif@usthb.dz', '20041025', 'student'),
(11, 'nihad.aissa@usthb.dz', '20030728', 'student'),
(12, 'imad.aissaoui@usthb.dz', 'imad', 'student'),
(13, 'yousra.aissaoui@usthb.dz', '20030425', 'student'),
(14, 'abdelmalek.ait@usthb.dz', '20070508', 'student'),
(15, 'farouk.ait@usthb.dz', '20031024', 'student'),
(16, 'aya.ait@usthb.dz', '20040105', 'student'),
(17, 'abdenour.akacem@usthb.dz', 'akacem', 'student'),
(18, 'ikram.aktouf@usthb.dz', '20030202', 'student'),
(19, 'abderraouf.ali@usthb.dz', '20050725', 'student'),
(20, 'kamel.alim@usthb.dz', '20050722', 'student'),
(21, 'asmaa.amdidouche@usthb.dz', '20030204', 'student'),
(22, 'nour.ammiche@usthb.dz', '20051018', 'student'),
(23, 'younes.amor@usthb.dz', '20060914', 'student'),
(24, 'abdelmalek.assabat@usthb.dz', '20030216', 'student'),
(25, 'melissa.azzoug@usthb.dz', '20070710', 'student'),
(26, 'abdennour.azzouz@usthb.dz', '20050327', 'student'),
(27, 'mehdi.azzouzi@usthb.dz', '20050812', 'student'),
(28, 'nesrine.baha@usthb.dz', '20040509', 'student'),
(29, 'douaa.baouz@usthb.dz', '20061204', 'student'),
(30, 'imadeddine.bara@usthb.dz', '20030729', 'student'),
(31, 'issam.bearcia@usthb.dz', '20040203', 'student'),
(32, 'yakoub.beddiaf@usthb.dz', '20060926', 'student'),
(33, 'imene.belabed@usthb.dz', '20030528', 'student'),
(34, 'yasmine.belabrik@usthb.dz', '20031025', 'student'),
(35, 'abdelkarim.belarbi@usthb.dz', '20051108', 'student'),
(36, 'abdelhakim.belhadj@usthb.dz', '20041102', 'student'),
(37, 'mohamed.belkhir@usthb.dz', '20030816', 'student'),
(38, 'omar.benabdellatif@usthb.dz', '20050806', 'student'),
(39, 'bouchra.benaissa@usthb.dz', '20040213', 'student'),
(40, 'aya.ben@usthb.dz', '20051019', 'student'),
(41, 'rania.benamara@usthb.dz', '20030822', 'student'),
(42, 'mohamed.ben@usthb.dz', '20071021', 'student'),
(43, 'nada.bencheikh@usthb.dz', '20050207', 'student'),
(44, 'farida.benguesmia@usthb.dz', '20040210', 'student'),
(45, 'yasser.benmokhtar@usthb.dz', '20070326', 'student'),
(46, 'issam.benyahia@usthb.dz', '20051030', 'student'),
(47, 'mohamed.bessaa@usthb.dz', '20040615', 'student'),
(48, 'sid.bettayeb@usthb.dz', '20061014', 'student'),
(49, 'zineb.bouali@usthb.dz', '20070727', 'student'),
(50, 'fatma.boudani@usthb.dz', '20040623', 'student'),
(51, 'fairouz.boudaoud@usthb.dz', '20060907', 'student'),
(52, 'maroua.bouderraz@usthb.dz', '20061227', 'student'),
(53, 'malik.boudine@usthb.dz', '20061120', 'student'),
(54, 'radjaa.boudjana@usthb.dz', '20050623', 'student'),
(55, 'ibrahim.boudraf@usthb.dz', '20030920', 'student'),
(56, 'haoua.bouhadda@usthb.dz', '20040302', 'student'),
(57, 'nourelhouda.bouhadja@usthb.dz', '20060106', 'student'),
(69, 'ahmed.benali@usthb.dz', 'Xt7#mK2p', 'teacher'),
(70, 'fatima.cherif@usthb.dz', 'Rn9@wQ4j', 'teacher'),
(71, 'karim.mansouri@usthb.dz', 'Lp3$vB8s', 'teacher'),
(72, 'sara.boudali@usthb.dz', 'Zq6!nD1f', 'teacher'),
(73, 'youcef.hamdi@usthb.dz', 'Wm5%cH7t', 'teacher'),
(74, 'nadia.aouadi@usthb.dz', 'Yk2&eG9r', 'teacher'),
(75, 'laachemi@gmail.com', 'laachemi2024', 'teacher'),
(77, 'ahmed.benali2@usthb.dz', '20050312', 'student'),
(78, 'sarah.bouzid@usthb.dz', '20040821', 'student'),
(79, 'yacine.hamdi@usthb.dz', '20060115', 'student'),
(80, 'nadia.cherif@usthb.dz', '20030607', 'student'),
(81, 'karim.belkacem@usthb.dz', '20050929', 'student'),
(82, 'amira.djoudi@usthb.dz', '20040318', 'student'),
(83, 'sofiane.meddah@usthb.dz', '20060724', 'student'),
(84, 'lina.boukhelifa@usthb.dz', '20030209', 'student'),
(85, 'riad.saidani@usthb.dz', '20051103', 'student'),
(86, 'yasmine.hadjadj@usthb.dz', '20040417', 'student'),
(87, 'bilal.rahmani@usthb.dz', '20060830', 'student'),
(88, 'meriem.benseghir@usthb.dz', '20030512', 'student'),
(89, 'omar.tlemcani@usthb.dz', '20050225', 'student'),
(90, 'dalila.messaoudi@usthb.dz', '20040916', 'student'),
(91, 'nassim.boudiaf@usthb.dz', '20060408', 'student'),
(92, 'rania.khelil@usthb.dz', '20031127', 'student'),
(93, 'walid.ferhat@usthb.dz', '20050614', 'student'),
(94, 'sabrina.mebarki@usthb.dz', '20040103', 'student'),
(95, 'hichem.laib@usthb.dz', '20060919', 'student'),
(96, 'faiza.touati@usthb.dz', '20030724', 'student'),
(97, 'anis.ziani@usthb.dz', '20050411', 'student'),
(98, 'hadjer.belouizdad@usthb.dz', '20040822', 'student'),
(99, 'tarek.ghomari@usthb.dz', '20060217', 'student'),
(100, 'soraya.kaci@usthb.dz', '20031005', 'student'),
(101, 'mehdi.boudissa@usthb.dz', '20050728', 'student'),
(102, 'nour.amrani@usthb.dz', '20040316', 'student'),
(103, 'ilyes.benamara2@usthb.dz', '20061211', 'student'),
(104, 'lydia.hamitouche@usthb.dz', '20030429', 'student'),
(105, 'zakaria.benlaria@usthb.dz', '20050903', 'student'),
(106, 'asma.fergani@usthb.dz', '20040618', 'student'),
(107, 'ryad.boukerma@usthb.dz', '20060124', 'student'),
(108, 'zineb.achour@usthb.dz', '20031216', 'student'),
(109, 'mourad.benaissa2@usthb.dz', '20050507', 'student'),
(110, 'hafsa.boucherit@usthb.dz', '20040913', 'student'),
(111, 'abdelhak.griou@usthb.dz', '20060326', 'student'),
(112, 'loubna.derbal@usthb.dz', '20030811', 'student'),
(113, 'samir.khaldi@usthb.dz', '20050202', 'student'),
(114, 'ikram.bendjama@usthb.dz', '20041019', 'student'),
(115, 'youssef.brahim@usthb.dz', '20060715', 'student'),
(116, 'marwa.djebbar@usthb.dz', '20030324', 'student'),
(117, 'adel.bouafia@usthb.dz', '20050816', 'student'),
(118, 'houda.khelifa@usthb.dz', '20040207', 'student'),
(119, 'amine.terki@usthb.dz', '20061122', 'student'),
(120, 'sana.bouderbala@usthb.dz', '20030615', 'student'),
(121, 'fares.hamoudi@usthb.dz', '20050428', 'student'),
(122, 'nadia.zermane@usthb.dz', '20040909', 'student'),
(123, 'lotfi.bekhouche@usthb.dz', '20060213', 'student'),
(124, 'maya.lahlou@usthb.dz', '20031128', 'student'),
(125, 'reda.bensalem@usthb.dz', '20050621', 'student'),
(126, 'chaima.moussaoui@usthb.dz', '20040414', 'student'),
(130, 'bilal.saadi@usthb.dz', '20050612', 'student'),
(131, 'meriem.boudra@usthb.dz', '20050324', 'student'),
(132, 'houssem.dali@usthb.dz', '20050917', 'student'),
(133, 'imane.khelifi@usthb.dz', '20030720', 'student'),
(134, 'riad.boudiaf@usthb.dz', '20030415', 'student'),
(135, 'nadia.amrani@usthb.dz', '20030905', 'student'),
(142, 'messaili.soulaf@usthb.dz', '20050612', 'student'),
(143, 'doulache.melyssa@usthb.dz', '20050324', 'student'),
(144, 'khelil.imene@usthb.dz', '20050917', 'student'),
(145, 'baba.farida@usthb.dz', '20030720', 'student'),
(146, 'khelil.mohammed@usthb.dz', '20030415', 'student'),
(147, 'yasmine.ould@usthb.dz', '20030905', 'student'),
(148, 'saadi.bilal2@usthb.dz', '20011205', 'student'),
(149, 'boudra.meriem2@usthb.dz', '20011118', 'student'),
(150, 'dali.houssem@usthb.dz', '20010730', 'student'),
(151, 'lina.berkani@usthb.dz', '20000614', 'student'),
(152, 'omar.bensaid@usthb.dz', '20000228', 'student'),
(153, 'zineb.ould@usthb.dz', '20001120', 'student'),
(154, 'algo.teacher@usthb.dz', 'Xt7#mK2p', 'teacher'),
(155, 'reseau.teacher@usthb.dz', 'Xt7#mK2p', 'teacher'),
(156, 'analyse.teacher@usthb.dz', 'Xt7#mK2p', 'teacher'),
(157, 'logique.teacher@usthb.dz', 'Xt7#mK2p', 'teacher');

--
-- Index pour les tables déchargées
--

--
-- Index pour la table `grades`
--
ALTER TABLE `grades`
  ADD PRIMARY KEY (`id`),
  ADD UNIQUE KEY `student_id` (`student_id`,`module_id`),
  ADD KEY `module_id` (`module_id`);

--
-- Index pour la table `modules`
--
ALTER TABLE `modules`
  ADD PRIMARY KEY (`id`),
  ADD UNIQUE KEY `code` (`code`),
  ADD KEY `teacher_id` (`teacher_id`);

--
-- Index pour la table `students`
--
ALTER TABLE `students`
  ADD PRIMARY KEY (`id`),
  ADD UNIQUE KEY `email` (`email`),
  ADD UNIQUE KEY `matricule` (`matricule`),
  ADD KEY `user_id` (`user_id`);

--
-- Index pour la table `teachers`
--
ALTER TABLE `teachers`
  ADD PRIMARY KEY (`id`),
  ADD UNIQUE KEY `user_id` (`user_id`);

--
-- Index pour la table `users`
--
ALTER TABLE `users`
  ADD PRIMARY KEY (`id`),
  ADD UNIQUE KEY `email` (`email`);

--
-- AUTO_INCREMENT pour les tables déchargées
--

--
-- AUTO_INCREMENT pour la table `grades`
--
ALTER TABLE `grades`
  MODIFY `id` int(11) NOT NULL AUTO_INCREMENT, AUTO_INCREMENT=733;

--
-- AUTO_INCREMENT pour la table `modules`
--
ALTER TABLE `modules`
  MODIFY `id` int(11) NOT NULL AUTO_INCREMENT, AUTO_INCREMENT=15;

--
-- AUTO_INCREMENT pour la table `students`
--
ALTER TABLE `students`
  MODIFY `id` int(11) NOT NULL AUTO_INCREMENT, AUTO_INCREMENT=117;

--
-- AUTO_INCREMENT pour la table `teachers`
--
ALTER TABLE `teachers`
  MODIFY `id` int(11) NOT NULL AUTO_INCREMENT, AUTO_INCREMENT=13;

--
-- AUTO_INCREMENT pour la table `users`
--
ALTER TABLE `users`
  MODIFY `id` int(11) NOT NULL AUTO_INCREMENT, AUTO_INCREMENT=158;

--
-- Contraintes pour les tables déchargées
--

--
-- Contraintes pour la table `grades`
--
ALTER TABLE `grades`
  ADD CONSTRAINT `grades_ibfk_1` FOREIGN KEY (`student_id`) REFERENCES `students` (`id`) ON DELETE CASCADE,
  ADD CONSTRAINT `grades_ibfk_2` FOREIGN KEY (`module_id`) REFERENCES `modules` (`id`) ON DELETE CASCADE;

--
-- Contraintes pour la table `modules`
--
ALTER TABLE `modules`
  ADD CONSTRAINT `modules_ibfk_1` FOREIGN KEY (`teacher_id`) REFERENCES `teachers` (`id`) ON DELETE SET NULL;

--
-- Contraintes pour la table `students`
--
ALTER TABLE `students`
  ADD CONSTRAINT `students_ibfk_1` FOREIGN KEY (`user_id`) REFERENCES `users` (`id`) ON DELETE SET NULL;

--
-- Contraintes pour la table `teachers`
--
ALTER TABLE `teachers`
  ADD CONSTRAINT `teachers_ibfk_1` FOREIGN KEY (`user_id`) REFERENCES `users` (`id`) ON DELETE SET NULL;
COMMIT;

/*!40101 SET CHARACTER_SET_CLIENT=@OLD_CHARACTER_SET_CLIENT */;
/*!40101 SET CHARACTER_SET_RESULTS=@OLD_CHARACTER_SET_RESULTS */;
/*!40101 SET COLLATION_CONNECTION=@OLD_COLLATION_CONNECTION */;
